{"cameraMode":{"drawMode":0,"name":"Shaded","section":"Shading Mode"},"sceneLighting":true,"audioPlay":false,"sceneViewState":{"m_AlwaysRefresh":false,"showFog":true,"showSkybox":true,"showFlares":true,"showImageEffects":true,"showParticleSystems":true,"showVisualEffectGraphs":true,"m_FxEnabled":true},"in2DMode":false,"pivot":{"x":6.071239948272705,"y":-0.20612943172454835,"z":11.58767318725586},"rotation":{"x":-0.29644203186035159,"y":0.056375209242105487,"z":-0.017494112253189088,"w":-0.9532422423362732},"size":12.98511791229248,"orthographic":false}